family,shape,params,ms
regGen,262x1024x2816,BK=16;TM=2;TN=2;sgC=4;sgR=1,0.283333
regGen,262x2112x2816,BK=16;TM=4;TN=1;sgC=4;sgR=1,0.463333
regGen,320x1024x2816,BK=16;TM=4;TN=2;sgC=1;sgR=1,0.336667
regGen,320x2048x2816,BK=16;TM=2;TN=2;sgC=1;sgR=1,0.506667
regGen,320x4096x2816,BK=16;TM=4;TN=2;sgC=4;sgR=1,0.783333
regGen,320x2816x8192,BK=16;TM=4;TN=1;sgC=2;sgR=1,1.616667
regGen,320x2112x2816,BK=16;TM=2;TN=2;sgC=2;sgR=2,0.496667
regGen,320x2816x2112,BK=16;TM=1;TN=2;sgC=2;sgR=2,0.566667
